{"cameraMode":{"drawMode":0,"name":"Shaded","section":"Shading Mode"},"sceneLighting":true,"audioPlay":false,"sceneViewState":{"m_AlwaysRefresh":false,"showFog":true,"showSkybox":true,"showFlares":true,"showImageEffects":true,"showParticleSystems":true,"showVisualEffectGraphs":true,"m_FxEnabled":false},"in2DMode":false,"pivot":{"x":-26.922609329223634,"y":-16.742427825927736,"z":-24.067176818847658},"rotation":{"x":-0.14869734644889832,"y":0.5292152762413025,"z":-0.09488717466592789,"w":-0.8300215005874634},"size":39.332191467285159,"orthographic":false}