{"cameraMode":{"drawMode":0,"name":"Shaded","section":"Shading Mode"},"sceneLighting":false,"audioPlay":false,"sceneViewState":{"m_AlwaysRefresh":false,"showFog":true,"showSkybox":false,"showFlares":true,"showImageEffects":true,"showParticleSystems":true,"showVisualEffectGraphs":true,"m_FxEnabled":false},"in2DMode":false,"pivot":{"x":-23.899999618530275,"y":18.50429916381836,"z":193.60000610351563},"rotation":{"x":0.01757710613310337,"y":-0.4590544104576111,"z":0.009135794825851918,"w":0.8882285952568054},"size":30.285184860229493,"orthographic":false}